DISTRICT_NAME,Latitude,Longitude,Street,City,State,County,Zip,Country,Number of households,Median household income,Median age,Median age male,Median age female,"Population by minimum level of education/Male: 12th grade, no diploma",Population by minimum level of education/Male: High school graduate,Population by minimum level of education/Female: 12th grade no diploma,Population by minimum level of education/Female: High school graduate
WOODSTOWN-PILESGROVE REG,39.6515,-75.3282,N Main St,Woodstown,NJ,Salem County,8098,US,406,95938,40.7,33.3,43.6,0,0.21,0,0.193
WOODBURY CITY,39.8382,-75.1527,N Broad St,Woodbury,NJ,Gloucester County,8096,US,785,33205,43,41.7,44.3,0.015,0.45,0,0.368
WOODBRIDGE TWP,40.5576,-74.2846,Amboy Ave,Woodbridge,NJ,Middlesex County,7095,US,462,82870,41.9,38.7,43.2,0.033,0.496,0,0.427
WOOD-RIDGE BORO,40.8457,-74.0879,2nd St,Wood Ridge,NJ,Bergen County,7075,US,250,0,40,39.9,43,0,0.356,0,0.407
WINSLOW TWP,39.6573,-74.8624,Hall St,Winslow,NJ,Camden County,8095,US,487,91932,37.8,38.8,35.1,0,0.384,0.039,0.376
WILLINGBORO TWP,40.0279,-74.8691,E River Dr,Willingboro,NJ,Burlington County,8046,US,703,76164,36.9,33.8,40.2,0,0.288,0,0.304
WILDWOOD CITY,38.9918,-74.8149,New Jersey Ave,Wildwood,NJ,Cape May County,8260,US,660,31020,45.9,47.2,45.7,0.045,0.556,0.024,0.437
WESTWOOD REGIONAL,40.9912,-74.0326,Westwood Ave,Westwood,NJ,Bergen County,7675,US,478,90854,40.1,33.9,47.1,0,0.309,0.034,0.22
WESTFIELD TOWN,40.659,-74.3474,Harrison Ave,Westfield,NJ,Union County,7090,US,418,158810,45.3,49.4,43.6,0,0.073,0,0.104
WEST ORANGE TOWN,40.7987,-74.239,Fairmount Ave,West Orange,NJ,Essex County,7052,US,247,63164,51.1,44.8,56.1,0.056,0.432,0,0.461
WEST NEW YORK TOWN,40.788,-74.0143,60th St,West New York,NJ,Hudson County,7093,US,678,40714,39.2,37.6,39.6,0.058,0.336,0.035,0.294
WEST MORRIS REGIONAL,40.8218,-74.481,Speedwell Ave,Morris Plains,NJ,Morris County,7950,US,448,119048,35,38.2,34.7,0,0.224,0,0.305
WEST MILFORD TWP,41.1312,-74.3674,Marshall Hill Rd,West Milford,NJ,Passaic County,7480,US,1152,36637,61.5,55.4,63.5,0,0.462,0.024,0.371
WEST ESSEX REGIONAL,40.8648,-74.2582,Farmstead Rd,Caldwell,NJ,Essex County,7006,US,630,186471,50.6,48.8,51.4,0,0.089,0,0.259
WEST DEPTFORD TWP,39.8334,-75.1996,Mid Atlantic Pkwy,Paulsboro,NJ,Gloucester County,8066,US,1841,80430,35.8,38.3,33.9,0.014,0.222,0,0.255
WEEHAWKEN TWP,40.7695,-74.0204,Bonn Pl,Weehawken,NJ,Hudson County,7086,US,350,96667,40.8,37.9,45.4,0,0.042,0.012,0.141
WAYNE TWP,40.9492,-74.2377,Ratzer Rd,Wayne,NJ,Passaic County,7470,US,181,250001,51,49.4,53.8,0,0.149,0,0.254
WATCHUNG HILLS REGIONAL,40.6379,-74.451,Stirling Rd,Watchung,NJ,Somerset County,7069,US,740,127411,44.9,45.1,44.8,0.024,0.23,0,0.26
WASHINGTON TWP,39.7334,-75.0746,Antares Ct,Blackwood,NJ,Gloucester County,8012,US,459,98839,36.8,36.7,39.2,0,0.487,0,0.44
WARREN HILLS REGIONAL,40.6084,-74.5163,Ellsworth Dr,Warren,NJ,Somerset County,7059,US,902,203571,46.7,45.6,48,0.011,0.119,0,0.182
WARREN COUNTY VOCATIONAL,40.6084,-74.5163,Ellsworth Dr,Warren,NJ,Somerset County,7059,US,902,203571,46.7,45.6,48,0.011,0.119,0,0.182
WALLKILL VALLEY REGIONAL,41.1534,-74.5763,Rt 23,Hamburg,NJ,Sussex County,7419,US,264,86597,32.8,32.3,43.1,0.052,0.354,0,0.569
WALLINGTON BORO,40.8532,-74.1138,Hayward Pl,Wallington,NJ,Bergen County,7057,US,596,54318,34.6,34.1,36,0.013,0.508,0.026,0.459
WALL TWP,40.1743,-74.0902,Allenwood Rd,Belmar,NJ,Monmouth County,7719,US,618,125738,48.4,46.6,49.1,0,0.108,0,0.142
WALDWICK BORO,41.0107,-74.1179,E Prospect St,Waldwick,NJ,Bergen County,7463,US,469,102875,38.8,40.8,38.6,0.023,0.258,0,0.187
W WINDSOR-PLAINSBORO REG,40.302,-74.619,Ziff Ln,Princeton Junction,NJ,Mercer County,8550,US,700,201328,44.5,44.2,44.7,0,0,0,0.016
VINELAND CITY,39.4862,-75.0257,E Landis Ave,Vineland,NJ,Cumberland County,8360,US,542,23671,34.2,28.7,41,0,0.676,0.012,0.341
VERONA BORO,40.8298,-74.2401,Claremont Ave,Verona,NJ,Essex County,7044,US,304,106731,47.4,45.1,49,0,0.149,0,0.117
VERNON TWP,41.1984,-74.4832,Route 94,Vernon,NJ,Sussex County,7462,US,584,53478,45.4,45,46.1,0.029,0.328,0,0.223
UPPER FREEHOLD REGIONAL,40.1376,-74.494,Fieldstone Ct,Cream Ridge,NJ,Monmouth County,8514,US,830,135714,44.8,46.9,43.3,0,0.315,0.017,0.258
University Academy CS,40.7282,-74.0776,Olean Ave,Jersey City,NJ,Hudson County,7306,US,588,27778,27.1,21.9,29.8,0.055,0.409,0.014,0.298
UNION TWP,40.6976,-74.2632,Harding Ave,Union,NJ,Union County,7083,US,230,65417,33.2,33.6,30,0,0.163,0,0.263
UNION COUNTY VOCATIONAL,40.5,-74.86,S Main St,Flemington,NJ,Hunterdon County,8822,US,1500,127266,47.9,45.7,48.8,0.01,0.177,0.009,0.159
Union County TEAMS CS,40.6337,-74.4074,Leland Ave,Plainfield,NJ,Union County,7062,US,471,58646,33.1,33.9,32.2,0.014,0.283,0.048,0.341
UNION CITY,40.7795,-74.0238,Bergenline Ave,Union City,NJ,Hudson County,7087,US,814,36905,32.5,28.8,38.7,0,0.302,0.044,0.348
TRENTON CITY,40.2171,-74.7429,Hamilton Ave,Trenton,NJ,Mercer County,8609,US,433,40922,27.6,24.2,31.5,0,0.132,0.062,0.236
TOMS RIVER REGIONAL,39.9537,-74.198,N Main St,Toms River,NJ,Ocean County,8753,US,473,90875,51.1,49.3,52.1,0,0.291,0,0.196
The Barack Obama Green Charter High,40.6337,-74.4074,Leland Ave,Plainfield,NJ,Union County,7062,US,471,58646,33.1,33.9,32.2,0.014,0.283,0.048,0.341
TENAFLY BORO,40.9254,-73.9629,Jay St,Tenafly,NJ,Bergen County,7670,US,489,108750,43.8,35.3,45.7,0,0.117,0,0.139
TEANECK TWP,40.8976,-74.016,Emerson Ave,Teaneck,NJ,Bergen County,7666,US,354,178750,52.7,52.7,52.8,0,0.133,0,0.016
TEAM Academy Charter School,40.7357,-74.1724,Broad St,Newark,NJ,Essex County,7102,US,1253,16172,56.9,53.3,66.6,0.03,0.293,0.057,0.266
SUSSEX COUNTY VOCATIONAL,41.0334,-74.6385,Woodport Rd,Sparta,NJ,Sussex County,7871,US,562,72000,49,35.9,61,0.056,0.165,0.101,0.325
SUMMIT CITY,40.7182,-74.3592,Springfield Ave,Summit,NJ,Union County,7901,US,509,143319,49,49.4,48.7,0,0,0,0.231
STERLING HIGH SCHOOL DIST,39.844,-75.0227,Gloucester Ave,Somerdale,NJ,Camden County,8083,US,428,74583,40.3,41,40.3,0.059,0.412,0.015,0.296
STATEWIDE TOTAL,39.833851,-74.871826,Stone Mountain Ln,Marlton,NJ,Burlington County,8053,US,638,137386,43.4,38.8,43.5,0,0.02,0.021,0.127
SPRINGFIELD TWP,40.7049,-74.3172,Mountain Ave,Springfield,NJ,Union County,7081,US,616,42500,55,53.2,58.8,0,0.399,0,0.223
SPOTSWOOD BORO,40.3918,-74.3985,Willard Clark Cir,Spotswood,NJ,Middlesex County,8884,US,542,55246,59.4,55.2,60.6,0.045,0.642,0.078,0.479
SPARTA TWP,41.0334,-74.6385,Woodport Rd,Sparta,NJ,Sussex County,7871,US,562,72000,49,35.9,61,0.056,0.165,0.101,0.325
SOUTHERN REGIONAL,39.7115,-74.278,NJ 72,Manahawkin,NJ,Ocean County,8050,US,,,,,,,,,
SOUTH RIVER BORO,40.4465,-74.386,Main St,South River,NJ,Middlesex County,8882,US,445,54028,40.6,37.2,44.7,0.049,0.513,0.038,0.203
SOUTH PLAINFIELD BORO,40.5793,-74.4115,S Plainfield Ave,South Plainfield,NJ,Middlesex County,7080,US,353,57472,45.9,47.1,45.8,0,0.418,0,0.571
SOUTH ORANGE-MAPLEWOOD,40.7475,-74.2635,S Orange Ave,South Orange,NJ,Essex County,7079,US,522,156500,39.3,38.9,39.5,0,0.026,0,0.055
SOUTH HUNTERDON REGIONAL,40.3659,-74.9429,S Main St,Lambertville,NJ,Hunterdon County,8530,US,695,84904,58.2,58.5,56.4,0.033,0.222,0,0.106
SOUTH BRUNSWICK TWP,40.4001,-74.5413,Major Rd,Monmouth Junction,NJ,Middlesex County,8852,US,1229,80129,33.4,35.1,32.9,0,0.035,0,0.238
SOUTH AMBOY CITY,40.4783,-74.2907,Main St,South Amboy,NJ,Middlesex County,8879,US,515,82639,43,45.1,41.5,0,0.516,0,0.243
SOMERVILLE BORO,40.5743,-74.6099,N Bridge St,Somerville,NJ,Somerset County,8876,US,240,103295,45.2,40.3,54.6,0,0.063,0,0.149
SOMERSET HILLS REGIONAL,40.4986,-74.5225,Demott Ln,Somerset,NJ,Somerset County,8873,US,1302,81368,57.8,46.7,61.6,0,0.301,0.039,0.419
SOMERSET CO VOCATIONAL,40.4986,-74.5225,Demott Ln,Somerset,NJ,Somerset County,8873,US,1302,81368,57.8,46.7,61.6,0,0.301,0.039,0.419
SHORE REGIONAL,40.2904,-74.0176,Locust Ave,West Long Branch,NJ,Monmouth County,7764,US,856,95556,48.9,53.1,47.9,0.019,0.37,0.036,0.199
SECAUCUS TOWN,40.7899,-74.0567,Paterson Plank Rd,Secaucus,NJ,Hudson County,7094,US,506,83500,38.3,32.4,52.3,0.041,0.497,0.017,0.252
SCOTCH PLAINS-FANWOOD REG,40.6554,-74.3899,Westfield Ave,Scotch Plains,NJ,Union County,7076,US,534,125439,45.9,48.9,42.5,0.036,0.296,0.022,0.223
SCH DIST OF THE CHATHAMS,40.7409,-74.3838,Main St,Chatham,NJ,Morris County,7928,US,380,73958,42.5,42.9,42,0,0.074,0,0.15
SAYREVILLE BORO,40.4593,-74.361,Main St,Sayreville,NJ,Middlesex County,8872,US,244,75000,49.8,52.2,49.6,0.028,0.43,0,0.562
SALEM COUNTY VOCATIONAL,39.5718,-75.4671,Market St,Salem,NJ,Salem County,8079,US,640,26667,39.7,37.5,41,0,0.548,0.006,0.476
SALEM CITY,39.5718,-75.4671,Market St,Salem,NJ,Salem County,8079,US,640,26667,39.7,37.5,41,0,0.548,0.006,0.476
SADDLE BROOK TWP,40.899,-74.0926,Mayhill St,Saddle Brook,NJ,Bergen County,7663,US,1009,104838,31.7,31.9,30.8,0.018,0.139,0.009,0.104
RUTHERFORD BORO,40.8265,-74.1068,Park Ave,Rutherford,NJ,Bergen County,7070,US,381,87344,38.9,38.1,41.5,0,0.392,0,0.286
RUMSON-FAIR HAVEN REG,40.3721,-73.999,E River Rd,Rumson,NJ,Monmouth County,7760,US,492,142813,40.9,42.5,40,0,0.178,0,0.119
ROXBURY TWP,40.8584,-74.6579,Sara Ln,Succasunna,NJ,Morris County,7876,US,1150,96250,51.7,55.6,48.9,0,0.217,0.02,0.342
ROSELLE PARK BORO,40.6645,-74.2643,Chestnut St,Roselle Park,NJ,Union County,7204,US,415,72691,32.2,32.1,32.3,0.033,0.238,0.038,0.337
ROSELLE BORO,40.66,-74.26,Walnut St,Roselle,NJ,Union County,7203,US,587,37614,45.6,51.6,40.4,0.109,0.524,0.03,0.465
ROBBINSVILLE TWP,40.2145,-74.6193,US 130,Trenton,NJ,Mercer County,8691,US,,,,,,,,,
RIVERSIDE TWP,40.0323,-74.9574,S Fairview St,Riverside,NJ,Burlington County,8075,US,530,76538,36.4,37,35.5,0.026,0.45,0,0.42
RIVER DELL REGIONAL,40.9587,-74.0368,Lotus Ave,Oradell,NJ,Bergen County,7649,US,480,177344,50.4,50.1,51.1,0,0.101,0.016,0.247
RIDGEWOOD VILLAGE,40.9792,-74.1166,E Ridgewood Ave,Ridgewood,NJ,Bergen County,7450,US,592,79028,40.1,41.1,37.1,0.027,0.067,0,0.17
RIDGEFIELD PARK TWP,40.857,-74.0215,Park St,Ridgefield Park,NJ,Bergen County,7660,US,447,85708,33.9,33.6,34.9,0.068,0.183,0.008,0.246
RIDGEFIELD BORO,40.8343,-74.0088,Broad Ave,Ridgefield,NJ,Bergen County,7657,US,209,98594,37,28.8,39.6,0,0.25,0.036,0.263
RED BANK REGIONAL,40.3471,-74.0643,Broad St,Red Bank,NJ,Monmouth County,7701,US,400,84605,50.5,43.6,54.7,0,0.048,0,0.154
RANDOLPH TWP,40.8501,-74.5663,Brandywine Ct,Randolph,NJ,Morris County,7869,US,772,111833,50.6,52.1,50.1,0.02,0.269,0.042,0.218
RANCOCAS VALLEY REGIONAL,40.0107,-74.8668,Main St,Mount Holly,NJ,Burlington County,8060,US,999,91484,45.5,38,46.8,0,0.306,0,0.269
RAMSEY BORO,41.0573,-74.141,E Main St,Ramsey,NJ,Bergen County,7446,US,433,158295,41.4,40.5,46.8,0,0.073,0,0.14
RAMAPO-INDIAN HILL REG,41.022,-74.2431,Us Rte 202,Oakland,NJ,Bergen County,7436,US,435,121932,46.5,45.5,47.3,0,0.186,0.01,0.217
RAHWAY CITY,40.6082,-74.2776,Elm Ave,Rahway,NJ,Union County,7065,US,497,57946,40.7,32.6,50.5,0,0.312,0,0.202
PRINCETON REGIONAL,40.3493,-74.6593,Nassau St,Princeton,NJ,Mercer County,8542,US,779,93015,34.3,32.6,39.3,0,0.03,0,0.081
POMPTON LAKES BORO,41.0054,-74.2907,Lakeside Ave,Pompton Lakes,NJ,Passaic County,7442,US,723,100542,42.7,42.8,42.7,0,0.351,0,0.322
POINT PLEASANT BORO,40.0832,-74.0682,Veterans Memorial Dr,Point Pleasant Beach,NJ,Ocean County,8742,US,382,94091,43.3,31.8,47.8,0,0.355,0.023,0.195
POINT PLEASANT BEACH BORO,40.0917,-74.048,Arnold Ave,Point Pleasant Beach,NJ,Ocean County,8742,US,552,109000,48.1,49,46.6,0,0.233,0.023,0.126
PLUMSTED TWP,40.0584,-74.4829,Long Swamp Rd,New Egypt,NJ,Ocean County,8533,US,891,112177,38.5,37.6,39,0.042,0.463,0,0.324
PLEASANTVILLE CITY,39.3898,-74.524,S Main St,Pleasantville,NJ,Atlantic County,8232,US,460,44000,36.2,32.6,37.9,0.018,0.427,0.052,0.313
PLAINFIELD CITY,40.6337,-74.4074,Leland Ave,Plainfield,NJ,Union County,7062,US,471,58646,33.1,33.9,32.2,0.014,0.283,0.048,0.341
PITTSGROVE TWP,39.5584,-75.1496,Buck Rd,Elmer,NJ,Salem County,8318,US,1031,54429,47.8,39.9,53.6,0.04,0.416,0,0.379
PITMAN BORO,39.7329,-75.1316,S Broadway,Pitman,NJ,Gloucester County,8071,US,334,63190,33.5,39.2,31.1,0,0.522,0,0.291
PISCATAWAY TWP,40.5463,-74.466,Sidney Rd,Piscataway,NJ,Middlesex County,8854,US,539,117036,40.5,41.5,38.8,0,0.118,0.013,0.121
PINELANDS REGIONAL,39.6032,-74.3401,E Main St,Tuckerton,NJ,Ocean County,8087,US,621,49844,41.4,39.9,45.4,0.016,0.308,0.029,0.287
PINE HILL BORO,39.7843,-74.9921,Erial Rd,Clementon,NJ,Camden County,8021,US,268,59000,41.9,43.2,41.6,0,0.477,0,0.448
PHILLIPSBURG TOWN,40.6937,-75.1902,Hudson St,Phillipsburg,NJ,Warren County,8865,US,415,70792,40.6,38.9,46,0.062,0.186,0.042,0.33
PERTH AMBOY CITY,40.5068,-74.2654,High St,Perth Amboy,NJ,Middlesex County,8861,US,1079,27314,35.9,33.2,39.4,0.012,0.526,0.03,0.426
PEQUANNOCK TWP,40.96,-74.2975,Burt Ave,Pompton Plains,NJ,Morris County,7444,US,355,108007,40.2,39.7,40.4,0,0.365,0,0.183
PENNSVILLE,39.6534,-75.5166,E Pittsfield St,Pennsville,NJ,Salem County,8070,US,634,69125,42.9,38.7,45.9,0.016,0.339,0.06,0.458
PENNSAUKEN TWP,39.9562,-75.058,Merchantville Ave,Pennsauken,NJ,Camden County,8110,US,260,98846,46,33,46.7,0,0.587,0,0.092
PENNS GRV-CARNEY'S PT REG,39.7112,-75.4702,Shell Rd,Penns Grove,NJ,Salem County,8069,US,654,52969,44.4,40.7,47.1,0.044,0.469,0,0.323
PEMBERTON TWP,39.9626,-74.6788,1st Ave,Pemberton,NJ,Burlington County,8068,US,956,51962,37.8,40.7,36.5,0,0.271,0,0.464
PAULSBORO BORO,39.8304,-75.2405,Broad St,Paulsboro,NJ,Gloucester County,8066,US,550,47679,44.5,40.3,49,0,0.312,0.029,0.371
Paterson CS for Sci/Tech,40.9168,-74.1718,Market St,Paterson,NJ,Passaic County,7505,US,763,28194,40.3,40.3,40.3,0.011,0.501,0,0.312
PATERSON CITY,40.9168,-74.1718,Market St,Paterson,NJ,Passaic County,7505,US,763,28194,40.3,40.3,40.3,0.011,0.501,0,0.312
PASSAIC VALLEY REGIONAL,40.869,-74.2082,Ridge Rd,Little Falls,NJ,Passaic County,7424,US,1397,78613,33.8,32,35.3,0.011,0.291,0,0.218
PASSAIC COUNTY VOCATIONAL,40.9492,-74.2377,Ratzer Rd,Wayne,NJ,Passaic County,7470,US,181,250001,51,49.4,53.8,0,0.149,0,0.254
PASSAIC CO MANCHESTER REG,39.9735,-74.3817,NJ 70,Whiting,NJ,Ocean County,8759,US,,,,,,,,,
PASSAIC CITY,40.8568,-74.1285,Passaic Ave,Passaic,NJ,Passaic County,7055,US,332,62368,38.1,37,50.9,0.103,0.253,0.057,0.41
PASCACK VALLEY REGIONAL,41.0026,-74.0404,Broadway,Hillsdale,NJ,Bergen County,7642,US,538,98611,46.5,43,53.1,0,0.331,0,0.108
PARSIPPANY-TROY HILLS TWP,40.8579,-74.426,Hillside Ter,Parsippany,NJ,Morris County,7054,US,608,76731,30.6,32,30.4,0,0.013,0.014,0.18
PARK RIDGE BORO,41.0376,-74.0407,Pascack Rd,Park Ridge,NJ,Bergen County,7656,US,414,108889,33.7,27.2,34,0,0.123,0,0.26
PARAMUS BORO,40.9445,-74.0754,Ferndale Rd,Paramus,NJ,Bergen County,7652,US,331,88977,47.5,47.4,48,0.015,0.109,0.018,0.252
PALMYRA BORO,40.0071,-75.0282,Temple Blvd,Palmyra,NJ,Burlington County,8065,US,652,74167,51.3,49.3,52,0.04,0.378,0.013,0.433
PALISADES PARK,40.8482,-73.9976,Broad Ave,Palisades Park,NJ,Bergen County,7650,US,407,52944,39.4,36.6,47.5,0.032,0.15,0,0.453
OLD BRIDGE TWP,40.4141,-74.3042,US 9,Old Bridge,NJ,Middlesex County,8857,US,555,64861,34.1,35.5,30,0.043,0.403,0,0.278
OCEAN TWP,40.27,-74.03,Peach Tree Rd,Oakhurst,NJ,Monmouth County,7755,US,724,82750,38.9,37.3,42.5,0.014,0.153,0,0.269
OCEAN COUNTY VOCATIONAL,39.9537,-74.198,N Main St,Toms River,NJ,Ocean County,8753,US,473,90875,51.1,49.3,52.1,0,0.291,0,0.196
OCEAN CITY,39.2776,-74.5746,Wesley Ave,Ocean City,NJ,Cape May County,8226,US,443,45398,39.4,27.6,51.1,0,0.277,0,0.249
NUTLEY TOWN,40.8223,-74.1599,Hillside Ave,Nutley,NJ,Essex County,7110,US,319,136250,44.9,44.3,48.2,0,0.202,0,0.259
NORTHERN VALLEY REGIONAL,40.9573,-73.9635,Hardenburgh Ave,Demarest,NJ,Bergen County,7627,US,327,144375,42.9,48.6,41,0.075,0.078,0.035,0.186
NORTHERN HIGHLANDS REG,40.4037,-73.9915,Bay Ave,Highlands,NJ,Monmouth County,7732,US,876,59720,52,49.8,55.2,0,0.309,0,0.462
NORTHERN BURLINGTON REG,40.04,-74.81,Threadleaf Ter,Burlington,NJ,Burlington County,8016,US,1279,127563,39,33.5,41.4,0.011,0.22,0.007,0.197
NORTH WARREN REGIONAL,40.6084,-74.5163,Ellsworth Dr,Warren,NJ,Somerset County,7059,US,902,203571,46.7,45.6,48,0.011,0.119,0,0.182
North Star Acad. CS of Newark,40.7357,-74.1724,Broad St,Newark,NJ,Essex County,7102,US,1253,16172,56.9,53.3,66.6,0.03,0.293,0.057,0.266
NORTH PLAINFIELD BORO,40.6301,-74.4274,Norwood Ave,Plainfield,NJ,Somerset County,7060,US,486,93750,36.7,28.3,41.3,0.066,0.299,0.045,0.161
NORTH BRUNSWICK TWP,40.454,-74.482,Livingston Ave,North Brunswick,NJ,Middlesex County,8902,US,851,50975,32.2,28.9,34.6,0,0.246,0.044,0.209
NORTH BERGEN TWP,40.8043,-74.0121,79th St,North Bergen,NJ,Hudson County,7047,US,541,81641,40.3,40.3,41.1,0.09,0.313,0.055,0.205
NORTH ARLINGTON BORO,40.7884,-74.1332,Ridge Rd,North Arlington,NJ,Bergen County,7031,US,417,102330,45.4,45.3,45.8,0.063,0.371,0,0.199
NEWTON TOWN,41.0582,-74.7527,Spring St,Newton,NJ,Sussex County,7860,US,403,65781,43.8,46.3,42.8,0,0.334,0,0.23
NEWARK CITY,40.7357,-74.1724,Broad St,Newark,NJ,Essex County,7102,US,1253,16172,56.9,53.3,66.6,0.03,0.293,0.057,0.266
NEW PROVIDENCE BORO,40.6984,-74.4015,The Arbors,New Providence,NJ,Union County,7974,US,909,120733,38.7,36.4,41.6,0,0.113,0,0.178
NEW MILFORD BORO,40.9351,-74.019,Plympton St,New Milford,NJ,Bergen County,7646,US,370,136458,39.6,37.4,44.5,0,0.166,0,0.306
NEW BRUNSWICK CITY,40.4862,-74.4518,Livingston Ave,New Brunswick,NJ,Middlesex County,8901,US,452,50667,29.4,34.5,23,0,0.146,0,0.197
NEPTUNE TWP,40.224,-74.0478,Neptune Blvd,Neptune,NJ,Monmouth County,7753,US,255,16453,72,61.7,73.4,0,0.61,0.038,0.593
N HUNT/VOORHEES REGIONAL,39.8501,-74.9579,Alyce Ln,Voorhees,NJ,Camden County,8043,US,1260,90547,64.8,60.2,68.1,0.007,0.119,0.012,0.265
MOUNTAIN LAKES BORO,40.8948,-74.4329,Glen Rd,Mountain Lakes,NJ,Morris County,7046,US,419,250001,42,23.1,46.3,0,0,0,0
MOUNT OLIVE TWP,40.8462,-74.7432,Flanders-drakestown Rd,Hackettstown,NJ,Morris County,7840,US,1246,54179,33.8,36.3,32.7,0,0.371,0,0.472
MORRIS SCHOOL DISTRICT,40.797,-74.481,Park Pl,Morristown,NJ,Morris County,7960,US,1118,92094,33.8,33.1,34.5,0,0.307,0,0.14
MORRIS HILLS REGIONAL,40.91,-74.55,I 80,Rockaway,NJ,Morris County,7866,US,,,,,,,,,
MORRIS COUNTY VOCATIONAL,40.8923,-74.4774,Broadway,Denville,NJ,Morris County,7834,US,435,110529,43,40.8,44.3,0,0.188,0,0.24
MOORESTOWN TWP,39.9671,-74.9427,Chester Ave,Moorestown,NJ,Burlington County,8057,US,465,113958,48.1,40.1,53.9,0,0.141,0.009,0.226
MONTVILLE TWP,40.9148,-74.3838,Rt 202 N,Montville,NJ,Morris County,7045,US,993,175781,49.6,48.6,50.8,0.002,0.108,0.012,0.199
MONTGOMERY TWP,40.4,-74.65,Wall Ter,Princeton,NJ,Somerset County,8540,US,1457,108942,43.7,43.4,44,0,0.09,0.009,0.098
MONTCLAIR TOWN,40.8259,-74.209,Park St,Montclair,NJ,Essex County,7042,US,258,213452,38.3,38.2,39.2,0,0.027,0,0.025
MONROE TWP,40.3168,-74.4163,Hoffman Station Rd,Jamesburg,NJ,Middlesex County,8831,US,507,207708,37.8,34.3,38.6,0,0.209,0,0.297
MONMOUTH REGIONAL,40.2891,-74.0928,Manzo Ct,Eatontown,NJ,Monmouth County,7724,US,440,139583,42.8,43.3,42.4,0.007,0.143,0.007,0.086
MONMOUTH CO VOCATIONAL,40.25,-74.3,Trotters Way,Freehold,NJ,Monmouth County,7728,US,702,76696,48.2,30,61.2,0,0.442,0,0.29
MILLVILLE CITY,39.4021,-75.0393,E Broad St,Millville,NJ,Cumberland County,8332,US,457,21156,37.3,23.2,44,0.077,0.257,0.01,0.328
MILLBURN TWP,40.7244,-74.3069,Main St,Millburn,NJ,Essex County,7041,US,321,54676,30.1,30.1,30.1,0,0.152,0,0.18
MIDLAND PARK BORO,40.9893,-74.1407,Godwin Ave,Midland Park,NJ,Bergen County,7432,US,175,148688,30.5,31.2,27.9,0,0.295,0,0.185
MIDDLETOWN TWP,40.3943,-74.1171,Kings Hwy,Middletown,NJ,Monmouth County,7748,US,337,149018,46.4,47.6,45.1,0,0.254,0,0.159
MIDDLESEX CO VOCATIONAL,40.5068,-74.2654,High St,Perth Amboy,NJ,Middlesex County,8861,US,1079,27314,35.9,33.2,39.4,0.012,0.526,0.03,0.426
MIDDLESEX BORO,40.5735,-74.494,Mountain Ave,Middlesex,NJ,Middlesex County,8846,US,694,49397,35.6,33,37.1,0.104,0.319,0.063,0.122
MIDDLE TWP,39.1022,-74.8297,Goshen Rd,Cape May Court House,NJ,Cape May County,8210,US,756,59375,46.8,41.6,52.6,0.05,0.291,0,0.244
METUCHEN BORO,40.5432,-74.3632,Middlesex Ave,Metuchen,NJ,Middlesex County,8840,US,676,102500,39,38.2,42,0,0.209,0.01,0.228
MATAWAN-ABERDEEN REGIONAL,40.4148,-74.2296,Main St,Matawan,NJ,Monmouth County,7747,US,899,74442,38.6,36.6,39.6,0.01,0.343,0.037,0.193
MAPLE SHADE TWP,39.9526,-74.9924,E Mill Rd,Maple Shade,NJ,Burlington County,8052,US,518,64732,40.1,40.4,38.4,0.023,0.277,0,0.256
MANVILLE BORO,40.5409,-74.5877,S Main St,Manville,NJ,Somerset County,8835,US,404,43393,35.8,24.8,42,0.117,0.383,0.023,0.649
MANCHESTER TWP,40.01,-74.32,Lake Shore Dr,Lakehurst,NJ,Ocean County,8733,US,427,66094,35.8,36.5,35,0.016,0.395,0,0.421
MANASQUAN BORO,40.1262,-74.0493,Woodland Ave,Manasquan,NJ,Monmouth County,8736,US,554,128214,34.8,33,44.1,0,0.274,0.053,0.215
MAINLAND REGIONAL,39.3398,-74.5751,Shore Rd,Linwood,NJ,Atlantic County,8221,US,251,105694,49.4,49,49.9,0,0.164,0,0.225
MAHWAH TWP,41.0887,-74.1438,W Airmount Rd,Mahwah,NJ,Bergen County,7430,US,408,113882,35.2,35.4,34.8,0,0.166,0,0.252
MADISON BORO,40.7598,-74.4171,Park Ave,Madison,NJ,Morris County,7940,US,258,113148,32,33.3,31.8,0.058,0.386,0,0.167
LYNDHURST TWP,40.812,-74.1243,Valley Brook Ave,Lyndhurst,NJ,Bergen County,7071,US,345,52120,33.5,39.4,30.5,0,0.47,0,0.434
LOWER CAPE MAY REGIONAL,38.9351,-74.906,New York Ave,Cape May,NJ,Cape May County,8204,US,539,85469,63.4,65.8,62.3,0.037,0.208,0,0.187
LONG BRANCH CITY,40.3043,-73.9924,Broadway,Long Branch,NJ,Monmouth County,7740,US,264,29537,47.4,39.7,52.4,0,0.386,0,0.309
LODI BOROUGH,40.8823,-74.0832,Main St,Lodi,NJ,Bergen County,7644,US,270,44375,31.7,28.8,38.6,0.066,0.354,0.056,0.479
LIVINGSTON TWP,40.7959,-74.3149,E Mount Pleasant Ave,Livingston,NJ,Essex County,7039,US,1032,184063,41.6,43.8,39.6,0,0.104,0,0.132
LINDENWOLD BORO,39.81,-75.02,Laurel Rd,Clementon,NJ,Camden County,8021,US,383,32351,48.9,52.9,39,0,0.315,0,0.32
LINDEN CITY,40.622,-74.2446,Twelfth St,Linden,NJ,Union County,7036,US,409,53882,40.9,39.9,42.4,0.04,0.367,0,0.351
LEONIA BORO,40.8615,-73.9882,Broad Ave,Leonia,NJ,Bergen County,7605,US,503,112228,37.4,37.5,37.3,0,0.13,0.028,0.169
LENAPE VALLEY REGIONAL,40.9029,-74.7091,Main St,Stanhope,NJ,Sussex County,7874,US,234,86563,39.6,30.3,41.2,0,0.094,0,0.121
LENAPE REGIONAL,39.82,-74.76,Oakshade Rd,Vincentown,NJ,Burlington County,8088,US,895,127847,36.6,38.1,34.6,0,0.266,0,0.214
LEAP Academy University CS,39.9448,-75.1199,Market St,Camden,NJ,Camden County,8102,US,105,20927,48,44.7,48.5,0.214,0.402,0,0.442
LAWRENCE TWP,40.274,-74.6796,Fountayne Blvd,Trenton,NJ,Mercer County,8648,US,1764,127672,35,35,35.1,0,0.053,0.016,0.062
LAKEWOOD TWP,40.0979,-74.2176,8th St,Lakewood,NJ,Ocean County,8701,US,581,30844,14.1,16.3,11.7,0.017,0.252,0.081,0.292
LAKELAND REGIONAL,41.0382,-74.294,Ringwood Ave,Haskell,NJ,Passaic County,7420,US,264,104750,48.8,28.8,55.3,0,0.374,0,0.491
LACEY TWP,39.8726,-74.2951,Lacey Rd,Forked River,NJ,Ocean County,8731,US,181,107009,47.5,48,46.9,0,0.393,0,0.327
KITTATINNY REGIONAL,41.0582,-74.7527,Spring St,Newton,NJ,Sussex County,7860,US,403,65781,43.8,46.3,42.8,0,0.334,0,0.23
KINNELON BORO,41.0018,-74.3671,Kiel Ave,Butler,NJ,Morris County,7405,US,777,152594,44.9,39.1,46.9,0,0.133,0,0.097
KINGSWAY REGIONAL,39.7334,-75.333,Auburn Ave,Swedesboro,NJ,Gloucester County,8085,US,3400,123758,37.6,36.9,37.9,0.016,0.155,0.015,0.21
KEYPORT BORO,40.4332,-74.1996,Broad St,Keyport,NJ,Monmouth County,7735,US,217,84940,49.3,50.9,46.8,0.063,0.37,0,0.523
KENILWORTH BORO,40.676,-74.2893,S Twenty 3rd St,Kenilworth,NJ,Union County,7033,US,691,96037,37,37.2,35.9,0.121,0.386,0.057,0.285
KEARNY TOWN,40.7684,-74.1454,Beech St,Kearny,NJ,Hudson County,7032,US,615,60795,32.4,30.4,44.1,0.015,0.449,0.024,0.366
KEANSBURG BORO,40.4418,-74.1299,Main St,Keansburg,NJ,Monmouth County,7734,US,507,0,56.4,55.8,56.6,0.127,0.509,0.038,0.303
JERSEY CITY,40.7282,-74.0776,Olean Ave,Jersey City,NJ,Hudson County,7306,US,588,27778,27.1,21.9,29.8,0.055,0.409,0.014,0.298
JEFFERSON TWP,41.0191,-74.551,Weldon Rd,Oak Ridge,NJ,Morris County,7438,US,571,106106,51.4,51.1,52.1,0.033,0.219,0,0.224
JACKSON TWP,40.1152,-74.3648,Brentwood Dr,Jackson,NJ,Ocean County,8527,US,1291,88750,44,44,44,0.02,0.277,0.02,0.305
IRVINGTON TOWNSHIP,40.7323,-74.2349,Stuyvesant Ave,Irvington,NJ,Essex County,7111,US,573,31520,32.7,32.4,32.9,0,0.348,0,0.366
HUNTERDON CENTRAL REG,40.5123,-74.8593,Main St,Flemington,NJ,Hunterdon County,8822,US,687,72917,37.3,36.9,38.4,0.019,0.287,0.024,0.278
HUDSON COUNTY VOCATIONAL,40.8043,-74.0121,79th St,North Bergen,NJ,Hudson County,7047,US,541,81641,40.3,40.3,41.1,0.09,0.313,0.055,0.205
HOPEWELL VALLEY REGIONAL,40.29,-74.8,Lower Ferry Rd,Trenton,NJ,Mercer County,8618,US,1052,71490,36.9,36,44.1,0.033,0.206,0.013,0.177
HOPATCONG,40.9332,-74.6601,Hopatchung Rd,Hopatcong,NJ,Sussex County,7843,US,447,79550,43.4,40.4,46.2,0,0.219,0,0.34
HOLMDEL TWP,40.3451,-74.184,Main St,Holmdel,NJ,Monmouth County,7733,US,709,215054,44.5,43.2,45.7,0,0.056,0.058,0.15
Hoboken CS,40.7433,-74.0324,Willow Ave,Hoboken,NJ,Hudson County,7030,US,453,132446,32.4,36,31.4,0,0.018,0,0.069
HOBOKEN CITY,40.7433,-74.0324,Willow Ave,Hoboken,NJ,Hudson County,7030,US,453,132446,32.4,36,31.4,0,0.018,0,0.069
HILLSIDE TWP,40.7012,-74.2301,Hillside Ave,Hillside,NJ,Union County,7205,US,406,55714,31.7,31.5,32.1,0.044,0.327,0.011,0.407
HILLSBOROUGH TWP,40.4776,-74.6268,Hillsborough Rd,Hillsborough,NJ,Somerset County,8844,US,858,151429,44.6,42.7,46.2,0,0.178,0,0.153
HIGHLAND PARK BORO,40.4959,-74.4243,S 4th Ave,Highland Park,NJ,Middlesex County,8904,US,496,79167,39.6,40.9,34.6,0,0.182,0,0.161
HIGH POINT REGIONAL,41.2443,-74.5507,Kelly Rd,Sussex,NJ,Sussex County,7461,US,810,100714,45.3,43.4,45.8,0,0.381,0.012,0.33
HENRY HUDSON REGIONAL,40.4037,-73.9915,Bay Ave,Highlands,NJ,Monmouth County,7732,US,876,59720,52,49.8,55.2,0,0.309,0,0.462
HAZLET TWP,40.4157,-74.191,Holmdel Rd,Hazlet,NJ,Monmouth County,7730,US,462,106250,43.9,43.8,44.8,0.09,0.195,0.049,0.358
HAWTHORNE BORO,40.9493,-74.1538,Royal Ave,Hawthorne,NJ,Passaic County,7506,US,680,104955,37.7,30.7,41.3,0.002,0.344,0.064,0.291
HASBROUCK HEIGHTS BORO,40.8582,-74.0807,Henry St,Hasbrouck Heights,NJ,Bergen County,7604,US,185,0,46.9,45.2,51.3,0.086,0.105,0,0.386
HARRISON TOWN,40.7465,-74.1563,Harrison Ave,Harrison,NJ,Hudson County,7029,US,1139,80347,32.6,32.8,32.2,0.032,0.173,0.028,0.169
HANOVER PARK REGIONAL,40.83,-74.43,Papermill Dr,Whippany,NJ,Morris County,7981,US,950,83426,45.3,43.2,48.5,0.012,0.36,0,0.303
HAMMONTON TOWN,39.6365,-74.8024,Central Ave,Hammonton,NJ,Atlantic County,8037,US,693,74943,39.6,39.9,39.5,0,0.306,0.015,0.408
HAMILTON TWP,40.2273,-74.6532,Nottingham Way,Trenton,NJ,Mercer County,8690,US,431,110221,45.2,43.5,46.4,0,0.414,0.022,0.194
HADDONFIELD BORO,39.8915,-75.0377,Warwick Rd,Haddonfield,NJ,Camden County,8033,US,337,173194,44,37.1,51.2,0,0.079,0,0.151
HADDON TWP,39.8976,-75.096,Berwick Ave,Mount Ephraim,NJ,Camden County,8059,US,352,88352,41.3,40.1,46.9,0.023,0.518,0,0.369
HADDON HEIGHTS BORO,39.8773,-75.0646,Prospect Ridge Blvd,Haddon Heights,NJ,Camden County,8035,US,511,103523,44.9,39.9,47,0,0.201,0.016,0.208
HACKETTSTOWN,40.854,-74.8291,Main St,Hackettstown,NJ,Warren County,7840,US,519,51375,31.7,30.2,35.8,0.012,0.184,0,0.293
HACKENSACK CITY,40.8859,-74.0435,State St,Hackensack,NJ,Bergen County,7601,US,606,56944,48.4,47,48.5,0.102,0.342,0.017,0.277
GREATER EGG HARBOR REG,39.39,-74.56,Tilton Rd,Egg Harbor Township,NJ,Atlantic County,8234,US,471,28212,30.3,34.6,30.1,0,0.309,0,0.088
GLOUCESTER CO VOCATIONAL,39.8322,-75.0548,Bee Ln,Somerdale,NJ,Camden County,8083,US,675,120175,45.6,46.1,44.5,0,0.254,0.009,0.354
GLOUCESTER CITY,39.8919,-75.1162,E Brown St,Gloucester City,NJ,Camden County,8030,US,346,60208,39.8,37.2,48.6,0.019,0.494,0.006,0.598
GLEN ROCK BORO,40.9629,-74.1329,Rock Rd,Glen Rock,NJ,Bergen County,7452,US,502,80714,43.4,43.3,43.4,0.022,0.069,0.037,0.184
GLEN RIDGE BORO,40.8054,-74.2038,Argyle Pl,Glen Ridge,NJ,Essex County,7028,US,263,139063,43.9,45.4,41.9,0,0.133,0.088,0.165
GLASSBORO,39.7028,-75.1119,N Main St,Glassboro,NJ,Gloucester County,8028,US,269,41375,21.7,21.5,22,0,0.47,0.034,0.563
GATEWAY REGIONAL,39.8272,-75.1236,Cooper St,Woodbury,NJ,Gloucester County,8096,US,611,71042,35,31.2,37.2,0.047,0.547,0.033,0.372
GARFIELD CITY,40.8815,-74.1132,Outwater Ln,Garfield,NJ,Bergen County,7026,US,551,61482,39.7,29.3,46.2,0.039,0.334,0.065,0.242
FREEHOLD REGIONAL,40.25,-74.3,Trotters Way,Freehold,NJ,Monmouth County,7728,US,702,76696,48.2,30,61.2,0,0.442,0,0.29
FRANKLIN TWP,40.51,-74.49,Jfk Blvd,Somerset,NJ,Somerset County,8873,US,1121,101769,33.5,36.1,30.3,0,0.098,0,0.173
FORT LEE BORO,40.8509,-73.9701,Schlosser St,Fort Lee,NJ,Bergen County,7024,US,792,83523,35.2,35,35.3,0.006,0.155,0.006,0.147
FLORENCE TWP,40.1196,-74.8054,Broad St,Florence,NJ,Burlington County,8518,US,492,52083,38.4,37.1,38.8,0,0.574,0,0.366
FAIR LAWN BORO,40.9404,-74.1318,Elliott Ter,Fair Lawn,NJ,Bergen County,7410,US,,,,,,,,,
EWING TWP,40.2688,-74.8007,Scotch Rd,Trenton,NJ,Mercer County,8628,US,1052,71490,36.9,36,44.1,0.033,0.206,0.013,0.177
ESSEX CO VOC-TECH,40.8409,-74.3018,Passaic Ave,Caldwell,NJ,Essex County,7006,US,366,107500,51.9,50.2,53,0,0.134,0.052,0.172
ENGLEWOOD CITY,40.8929,-73.9726,E Palisade Ave,Englewood,NJ,Bergen County,7631,US,673,95404,39.9,41.4,39.9,0,0.052,0,0.243
EMERSON BORO,40.9762,-74.0263,Kinderkamack Rd,Emerson,NJ,Bergen County,7630,US,256,112333,37.9,37.7,46,0,0.368,0,0.356
ELMWOOD PARK,40.904,-74.1185,Linden Ave,Elmwood Park,NJ,Bergen County,7407,US,498,88984,35.7,38.1,35.6,0.06,0.583,0.034,0.471
ELIZABETH CITY,40.664,-74.2107,E Jersey St,Elizabeth,NJ,Union County,7201,US,763,45313,33.2,35.1,32.7,0,0.447,0.038,0.477
EGG HARBOR TWP,39.39,-74.56,Tilton Rd,Egg Harbor Township,NJ,Atlantic County,8234,US,471,28212,30.3,34.6,30.1,0,0.309,0,0.088
EDISON TWP,40.5187,-74.4121,Porter St,Edison,NJ,Middlesex County,8817,US,424,97188,29.6,28.8,30.3,0.038,0.134,0,0.142
EASTERN CAMDEN COUNTY REG,39.8501,-74.9579,Alyce Ln,Voorhees,NJ,Camden County,8043,US,1260,90547,64.8,60.2,68.1,0.007,0.119,0.012,0.265
EAST WINDSOR REGIONAL,40.268,-74.5404,Westfield Rd,Hightstown,NJ,Mercer County,8520,US,342,102054,37.4,33.8,37.8,0.052,0.17,0,0.312
EAST ORANGE,40.7673,-74.2049,Parkway Dr,East Orange,NJ,Essex County,7017,US,878,42431,33.2,26.8,37.9,0.034,0.49,0,0.357
EAST BRUNSWICK TWP,40.4279,-74.416,Dexter Rd,East Brunswick,NJ,Middlesex County,8816,US,785,130282,45,45.5,43.8,0.052,0.136,0.022,0.09
DUNELLEN BORO,40.5893,-74.4718,Sanford Ave,Dunellen,NJ,Middlesex County,8812,US,588,79444,30.1,28.4,33.4,0,0.481,0,0.32
DUMONT BORO,40.9407,-73.9968,Veterans Plz,Dumont,NJ,Bergen County,7628,US,284,76250,46,32.4,49.2,0,0.23,0.027,0.245
DOVER TOWN,40.884,-74.5621,W Blackwell St,Dover,NJ,Morris County,7801,US,527,31144,34.6,31.9,36.9,0,0.29,0,0.465
DEPTFORD TWP,39.8272,-75.1236,Cooper St,Woodbury,NJ,Gloucester County,8096,US,611,71042,35,31.2,37.2,0.047,0.547,0.033,0.372
DELSEA REGIONAL H.S DIST.,40.51,-74.49,Jfk Blvd,Somerset,NJ,Somerset County,8873,US,1121,101769,33.5,36.1,30.3,0,0.098,0,0.173
DELRAN TWP,40.0221,-74.9721,5th St,Riverside,NJ,Burlington County,8075,US,488,84545,36.3,30.4,38.7,0,0.23,0,0.208
DELAWARE VALLEY REGIONAL,40.4501,-74.9579,Reading Rd,Stockton,NJ,Hunterdon County,8559,US,900,109091,51.9,54.1,48.7,0.045,0.344,0.04,0.197
CUMBERLAND REGIONAL,39.4273,-75.2341,Broad St E,Bridgeton,NJ,Cumberland County,8302,US,318,28824,28.9,28.2,31.2,0.078,0.319,0,0.338
CRESSKILL BORO,40.9415,-73.9593,Union Ave,Cresskill,NJ,Bergen County,7626,US,248,117368,36.7,36.4,36.9,0,0.224,0,0.088
CRANFORD TWP,40.6584,-74.2996,Forest Ave,Cranford,NJ,Union County,7016,US,353,148355,43.4,42.5,44.4,0,0.1,0,0.24
COLLINGSWOOD BORO,39.9182,-75.0713,Harvard Ave,Collingswood,NJ,Camden County,8108,US,581,73828,44.8,49.9,44.1,0.026,0.087,0,0.172
CLIFTON CITY,40.8584,-74.1638,Holly St,Clifton,NJ,Passaic County,7013,US,291,80096,42.6,44.7,38,0.071,0.207,0,0.133
CLIFFSIDE PARK BORO,40.8215,-73.9876,Gorge Rd,Cliffside Park,NJ,Bergen County,7010,US,521,68267,38.1,38.6,35,0,0.38,0,0.272
CLEARVIEW REGIONAL,39.5868,-74.6999,Elwood Rd,Hammonton,NJ,Atlantic County,8037,US,503,87250,42.3,42.7,41.7,0,0.406,0,0.388
CLAYTON BORO,39.6601,-75.0921,Delsea Dr,Clayton,NJ,Gloucester County,8312,US,431,81375,45.3,47.1,45.2,0,0.256,0,0.24
CLARK TWP,40.6234,-74.3148,Kenneth Pl,Clark,NJ,Union County,7066,US,266,124750,50.1,39.6,52.7,0.012,0.094,0,0.407
CITY OF ORANGE TWP,40.77,-74.23,I 280,Orange,NJ,Essex County,7050,US,181,38109,31.6,47.1,30.3,0,0.607,0,0.331
CINNAMINSON TWP,39.9968,-74.9927,Us Highway 130,Riverton,NJ,Burlington County,8077,US,465,82321,55.5,56.6,55.2,0,0.371,0.005,0.274
CHERRY HILL TWP,39.9348,-75.0307,Haddonfield Rd,Cherry Hill,NJ,Camden County,8002,US,1325,60046,39.6,36,43.3,0.032,0.118,0.017,0.122
chARTer~TECH HIGH SCHOOL,39.3176,-74.5946,1st St,Somers Point,NJ,Atlantic County,8244,US,437,37240,33.8,34.7,31.5,0.105,0.409,0.069,0.406
CENTRAL REGIONAL,39.9001,-74.1829,Manhattan Ave,Bayville,NJ,Ocean County,8721,US,950,98929,38.4,37.5,38.9,0,0.347,0.009,0.367
Central Jersey College Prep CS,40.4986,-74.5225,Demott Ln,Somerset,NJ,Somerset County,8873,US,1302,81368,57.8,46.7,61.6,0,0.301,0.039,0.419
CEDAR GROVE TWP,40.8518,-74.229,Pompton Ave,Cedar Grove,NJ,Essex County,7009,US,376,106382,47.6,48.4,44.7,0.036,0.15,0,0.178
CARTERET BORO,40.5773,-74.2282,Carteret Ave,Carteret,NJ,Middlesex County,7008,US,682,84903,41.5,42.1,36.4,0.119,0.197,0,0.434
CARLSTADT-EAST RUTHERFORD,40.8404,-74.0907,3rd St,Carlstadt,NJ,Bergen County,7072,US,446,105330,36.7,40.6,32.1,0.089,0.122,0,0.167
CAPE MAY CO VOCATIONAL,38.9351,-74.906,New York Ave,Cape May,NJ,Cape May County,8204,US,539,85469,63.4,65.8,62.3,0.037,0.208,0,0.187
CAMDEN COUNTY VOCATIONAL,39.9562,-75.058,Merchantville Ave,Pennsauken,NJ,Camden County,8110,US,260,98846,46,33,46.7,0,0.587,0,0.092
CAMDEN CITY,39.9448,-75.1199,Market St,Camden,NJ,Camden County,8102,US,105,20927,48,44.7,48.5,0.214,0.402,0,0.442
Camden Academy Charter HS,39.9448,-75.1199,Market St,Camden,NJ,Camden County,8102,US,105,20927,48,44.7,48.5,0.214,0.402,0,0.442
CALDWELL-WEST CALDWELL,40.8409,-74.3018,Passaic Ave,Caldwell,NJ,Essex County,7006,US,366,107500,51.9,50.2,53,0,0.134,0.052,0.172
BUTLER BORO,41.0037,-74.3415,Main St,Butler,NJ,Morris County,7405,US,475,56746,32.3,29,33.3,0.046,0.525,0,0.43
BURLINGTON TWP,40.04,-74.81,Threadleaf Ter,Burlington,NJ,Burlington County,8016,US,1279,127563,39,33.5,41.4,0.011,0.22,0.007,0.197
BURLINGTON CO VOCATIONAL,40.04,-74.81,Threadleaf Ter,Burlington,NJ,Burlington County,8016,US,1279,127563,39,33.5,41.4,0.011,0.22,0.007,0.197
BURLINGTON CITY,40.0712,-74.8649,W Us Highway 130 N,Burlington,NJ,Burlington County,8016,US,280,0,46.2,23,55.1,0.088,0.637,0,0.247
BUENA REGIONAL,39.54,-74.92,Friendship Rd,Landisville,NJ,Atlantic County,8326,US,359,68287,42.3,49.1,33.4,0,0.377,0,0.367
BRIDGEWATER-RARITAN REG,40.6008,-74.6481,Stony Brook Dr,Bridgewater,NJ,Somerset County,8807,US,458,142813,50.6,39.1,55.9,0,0.279,0,0.391
BRIDGETON CITY,39.4273,-75.2341,Broad St E,Bridgeton,NJ,Cumberland County,8302,US,318,28824,28.9,28.2,31.2,0.078,0.319,0,0.338
BRICK TWP,40.0707,-74.1281,State Highway 70,Brick,NJ,Ocean County,8724,US,367,63083,49.2,40.7,55.2,0,0.404,0,0.453
BOUND BROOK BORO,40.5684,-74.5385,W Maple Ave,Bound Brook,NJ,Somerset County,8805,US,343,66964,47.9,43.9,53.7,0,0.422,0.016,0.463
BORDENTOWN REGIONAL,40.12,-74.71,Rising Sun Rd,Bordentown,NJ,Burlington County,8505,US,1152,91522,28.9,22,37.3,0,0.04,0,0.13
BOONTON TOWN,40.9026,-74.4071,I 287,Boonton,NJ,Morris County,7005,US,387,92716,40.7,43.1,36.1,0.028,0.197,0.037,0.201
BOGOTA BORO,40.8762,-74.0299,W Fort Lee Rd,Bogota,NJ,Bergen County,7603,US,471,77875,36.9,36.1,43.6,0,0.251,0,0.219
BLOOMFIELD TWP,40.8068,-74.1854,Ridge Ave,Bloomfield,NJ,Essex County,7003,US,289,79732,34.2,31.8,35.9,0,0.317,0.022,0.309
BLACK HORSE PIKE REGIONAL,39.8676,-75.0946,S Bell Rd,Bellmawr,NJ,Camden County,8031,US,571,46382,41.5,41.4,43.4,0.052,0.371,0.03,0.35
BERNARDS TWP,40.6834,-74.5746,Canter Dr,Basking Ridge,NJ,Somerset County,7920,US,624,180769,46.4,45.8,46.9,0,0.02,0,0.057
BERKELEY HEIGHTS TWP,40.6834,-74.4427,Springfield Ave,Berkeley Heights,NJ,Union County,7922,US,347,66827,39.4,34.5,39.8,0,0.195,0,0.209
BERGENFIELD BORO,40.9276,-73.9974,W Main St,Bergenfield,NJ,Bergen County,7621,US,427,56719,45,45.3,43.8,0.014,0.293,0.014,0.249
BERGEN COUNTY VOCATIONAL,40.8598,-74.0593,US 46,Teterboro,NJ,Bergen County,7608,US,387,45694,42.7,36.8,45.3,0.059,0.403,0.027,0.584
BELVIDERE TOWN,40.8298,-75.0777,Water St,Belvidere,NJ,Warren County,7823,US,395,42208,37.1,26.6,39.1,0,0.342,0.017,0.288
BELLEVILLE TOWN,40.7937,-74.1501,Washington Ave,Belleville,NJ,Essex County,7109,US,259,77604,41,39.5,41.3,0,0.205,0.058,0.294
BAYONNE CITY,40.6687,-74.1143,Broadway,Bayonne,NJ,Hudson County,7002,US,425,49861,33.6,34.2,29.9,0.034,0.592,0,0.265
BARNEGAT TWP,39.7532,-74.2229,E Bay Ave,Barnegat,NJ,Ocean County,8005,US,310,87788,50.2,48.6,52.4,0,0.12,0,0.435
AUDUBON BORO,39.8909,-75.073,W Graisbury Ave,Audubon,NJ,Camden County,8106,US,437,63872,45.2,48.5,43.7,0,0.437,0.013,0.205
ATLANTIC CO VOCATIONAL,39.45,-74.72,Atlantic Ave,Mays Landing,NJ,Atlantic County,8330,US,855,54627,42.4,38.1,49.3,0.024,0.239,0.005,0.307
ATLANTIC CITY,39.3643,-74.4229,Atlantic Ave,Atlantic City,NJ,Atlantic County,8401,US,306,37672,41.4,48.8,30.2,0.026,0.56,0,0.511
ASBURY PARK CITY,40.2204,-74.0121,Main St,Asbury Park,NJ,Monmouth County,7712,US,566,57857,47.4,47.6,40.2,0,0.306,0,0.33
Academy Charter High School,40.1709,-74.0274,Main St,Belmar,NJ,Monmouth County,7719,US,252,82500,31.9,30.3,43.6,0.027,0.322,0.032,0.291